sol_per_pop,num_parents_mating,num_generations,keep_parents,parent_selection_type,crossover_type,mutation_type,mutation_percent_genes,num_genes,solution_fitness,duration,stop_criteria
200,25,5000,10,sss,two_points,inversion,15,45,-22,3.3535258769989014,saturate_50
200,25,5000,10,sss,two_points,random,15,45,-21,4.575782775878906,saturate_50
200,25,5000,10,sss,two_points,inversion,30,45,-20,2.2128732204437256,saturate_50
200,25,5000,10,sss,two_points,random,30,45,-32,2.577392101287842,saturate_50
200,25,5000,10,sss,two_points,inversion,4,45,-22,2.1742630004882812,saturate_50
200,25,5000,10,sss,two_points,random,4,45,-5,2.3739748001098633,saturate_50
200,20,5000,10,sss,two_points,inversion,4,45,-24,3.3668060302734375,saturate_50
200,20,5000,10,sss,two_points,random,4,45,-2,3.4232571125030518,saturate_50
200,25,5000,10,sss,uniform,inversion,15,45,-29,3.172631025314331,saturate_50
200,25,5000,10,sss,uniform,random,15,45,-24,2.4393317699432373,saturate_50
200,25,5000,10,sss,uniform,inversion,30,45,-29,2.090704917907715,saturate_50
200,25,5000,10,sss,uniform,random,30,45,-32,3.0274531841278076,saturate_50
200,25,5000,10,sss,uniform,inversion,4,45,-30,2.1003289222717285,saturate_50
200,25,5000,10,sss,uniform,random,4,45,-6,2.7192370891571045,saturate_50
200,20,5000,10,sss,uniform,inversion,4,45,-27,4.2515788078308105,saturate_50
200,20,5000,10,sss,uniform,random,4,45,-5,3.023770809173584,saturate_50
200,25,5000,10,sss,scattered,inversion,15,45,-28,3.09002685546875,saturate_50
200,25,5000,10,sss,scattered,random,15,45,-24,2.279951810836792,saturate_50
200,25,5000,10,sss,scattered,inversion,30,45,-26,2.6487388610839844,saturate_50
200,25,5000,10,sss,scattered,random,30,45,-33,2.819906234741211,saturate_50
200,25,5000,10,sss,scattered,inversion,4,45,-24,2.8376340866088867,saturate_50
200,25,5000,10,sss,scattered,random,4,45,-4,2.422100067138672,saturate_50
200,20,5000,10,sss,uniform,inversion,4,45,-30,2.259079933166504,saturate_50
200,20,5000,10,sss,uniform,random,4,45,-5,3.647386074066162,saturate_50
200,25,5000,10,rws,two_points,inversion,15,45,-39,1.3968660831451416,saturate_50
200,25,5000,10,rws,two_points,random,15,45,-44,1.748702049255371,saturate_50
200,25,5000,10,rws,two_points,inversion,30,45,-48,1.2554197311401367,saturate_50
200,25,5000,10,rws,two_points,random,30,45,-46,2.1993918418884277,saturate_50
200,25,5000,10,rws,two_points,inversion,4,45,-48,1.3474960327148438,saturate_50
200,20,5000,10,rws,two_points,inversion,4,45,-48,1.279822826385498,saturate_50
200,20,5000,10,rws,two_points,random,4,45,-50,1.2645339965820312,saturate_50
200,25,5000,10,rws,uniform,inversion,15,45,-47,1.3944408893585205,saturate_50
200,25,5000,10,rws,uniform,random,15,45,-46,1.5750279426574707,saturate_50
200,25,5000,10,rws,uniform,inversion,30,45,-48,1.7994630336761475,saturate_50
200,25,5000,10,rws,uniform,random,30,45,-46,2.888603925704956,saturate_50
200,25,5000,10,rws,uniform,inversion,4,45,-47,2.090669870376587,saturate_50
200,25,5000,10,rws,uniform,random,4,45,-46,1.3437421321868896,saturate_50
200,20,5000,10,rws,uniform,inversion,4,45,-46,1.2971599102020264,saturate_50
200,20,5000,10,rws,uniform,random,4,45,-51,1.2909150123596191,saturate_50
200,25,5000,10,rws,scattered,inversion,15,45,-45,1.4020228385925293,saturate_50
200,25,5000,10,rws,scattered,random,15,45,-43,2.42012619972229,saturate_50
200,25,5000,10,rws,scattered,inversion,30,45,-49,1.3016178607940674,saturate_50
200,25,5000,10,rws,scattered,random,30,45,-43,1.655351161956787,saturate_50
200,25,5000,10,rws,scattered,inversion,4,45,-50,1.9535951614379883,saturate_50
200,25,5000,10,rws,scattered,random,4,45,-44,1.730135202407837,saturate_50
200,20,5000,10,rws,uniform,inversion,4,45,-44,1.4435951709747314,saturate_50
200,20,5000,10,rws,uniform,random,4,45,-52,1.4054210186004639,saturate_50
200,25,5000,10,rank,two_points,inversion,15,45,-21,3.4184799194335938,saturate_50
200,25,5000,10,rank,two_points,random,15,45,-20,2.971846103668213,saturate_50
200,25,5000,10,rank,two_points,inversion,30,45,-21,2.750500202178955,saturate_50
200,25,5000,10,rank,two_points,random,30,45,-34,2.605333089828491,saturate_50
200,25,5000,10,rank,two_points,inversion,4,45,-24,2.6385881900787354,saturate_50
200,20,5000,10,rank,two_points,inversion,4,45,-21,4.794994831085205,saturate_50
200,20,5000,10,rank,two_points,random,4,45,-4,2.876392364501953,saturate_50
200,25,5000,10,rank,uniform,inversion,15,45,-26,2.7104029655456543,saturate_50
200,25,5000,10,rank,uniform,random,15,45,-23,2.032529830932617,saturate_50
200,25,5000,10,rank,uniform,inversion,30,45,-26,4.172613859176636,saturate_50
200,25,5000,10,rank,uniform,random,30,45,-35,2.10957407951355,saturate_50
200,25,5000,10,rank,uniform,inversion,4,45,-26,3.749601125717163,saturate_50
200,25,5000,10,rank,uniform,random,4,45,-4,4.375545978546143,saturate_50
200,20,5000,10,rank,uniform,inversion,4,45,-27,2.73201322555542,saturate_50
200,20,5000,10,rank,uniform,random,4,45,-3,4.425739765167236,saturate_50
200,25,5000,10,rank,scattered,inversion,15,45,-28,2.1624932289123535,saturate_50
200,25,5000,10,rank,scattered,random,15,45,-20,2.9728901386260986,saturate_50
200,25,5000,10,rank,scattered,inversion,30,45,-30,3.2437052726745605,saturate_50
200,25,5000,10,rank,scattered,random,30,45,-38,1.5001866817474365,saturate_50
200,25,5000,10,rank,scattered,inversion,4,45,-30,1.5560729503631592,saturate_50
200,25,5000,10,rank,scattered,random,4,45,-6,2.4808902740478516,saturate_50
200,20,5000,10,rank,uniform,inversion,4,45,-24,3.807713031768799,saturate_50
200,20,5000,10,rank,uniform,random,4,45,-6,2.3785488605499268,saturate_50
200,25,5000,10,random,two_points,inversion,15,45,-44,1.3897149562835693,saturate_50
200,25,5000,10,random,two_points,random,15,45,-40,3.2795560359954834,saturate_50
200,25,5000,10,random,two_points,inversion,30,45,-45,2.2467880249023438,saturate_50
200,25,5000,10,random,two_points,random,30,45,-47,1.3388826847076416,saturate_50
200,25,5000,10,random,two_points,inversion,4,45,-44,2.40936017036438,saturate_50
200,20,5000,10,random,two_points,inversion,4,45,-48,1.4930059909820557,saturate_50
200,20,5000,10,random,two_points,random,4,45,-40,2.6791930198669434,saturate_50
200,25,5000,10,random,uniform,inversion,15,45,-45,1.3619511127471924,saturate_50
200,25,5000,10,random,uniform,random,15,45,-42,2.3721158504486084,saturate_50
200,25,5000,10,random,uniform,inversion,30,45,-45,2.1864099502563477,saturate_50
200,25,5000,10,random,uniform,random,30,45,-42,3.0970168113708496,saturate_50
200,25,5000,10,random,uniform,inversion,4,45,-43,2.321984052658081,saturate_50
200,25,5000,10,random,uniform,random,4,45,-45,1.827307939529419,saturate_50
200,20,5000,10,random,uniform,inversion,4,45,-45,2.177057981491089,saturate_50
200,20,5000,10,random,uniform,random,4,45,-43,3.2160348892211914,saturate_50
200,25,5000,10,random,scattered,inversion,15,45,-45,1.747513771057129,saturate_50
200,25,5000,10,random,scattered,random,15,45,-41,2.3596739768981934,saturate_50
200,25,5000,10,random,scattered,inversion,30,45,-44,1.705029010772705,saturate_50
200,25,5000,10,random,scattered,random,30,45,-43,1.8804922103881836,saturate_50
200,25,5000,10,random,scattered,inversion,4,45,-44,1.834859848022461,saturate_50
200,25,5000,10,random,scattered,random,4,45,-40,2.3918468952178955,saturate_50
200,20,5000,10,random,uniform,inversion,4,45,-45,1.7842309474945068,saturate_50
200,20,5000,10,random,uniform,random,4,45,-40,1.4161128997802734,saturate_50
200,25,5000,10,tournament,two_points,inversion,15,45,-37,1.8843159675598145,saturate_50
200,25,5000,10,tournament,two_points,random,15,45,-28,2.4724740982055664,saturate_50
200,25,5000,10,tournament,two_points,inversion,30,45,-30,3.1508970260620117,saturate_50
200,25,5000,10,tournament,two_points,random,30,45,-39,2.0280492305755615,saturate_50
200,25,5000,10,tournament,two_points,inversion,4,45,-32,2.551201105117798,saturate_50
200,20,5000,10,tournament,two_points,inversion,4,45,-32,2.1549980640411377,saturate_50
200,20,5000,10,tournament,two_points,random,4,45,-10,3.0447611808776855,saturate_50
200,25,5000,10,tournament,uniform,inversion,15,45,-37,2.836409091949463,saturate_50
200,25,5000,10,tournament,uniform,random,15,45,-31,2.990729808807373,saturate_50
200,25,5000,10,tournament,uniform,inversion,30,45,-38,1.7891662120819092,saturate_50
200,25,5000,10,tournament,uniform,random,30,45,-38,2.9108097553253174,saturate_50
200,25,5000,10,tournament,uniform,inversion,4,45,-37,2.51297926902771,saturate_50
200,25,5000,10,tournament,uniform,random,4,45,-5,6.163108825683594,saturate_50
200,20,5000,10,tournament,uniform,inversion,4,45,-35,2.9348487854003906,saturate_50
200,20,5000,10,tournament,uniform,random,4,45,-7,3.9925148487091064,saturate_50
200,25,5000,10,tournament,scattered,inversion,15,45,-35,1.8685309886932373,saturate_50
200,25,5000,10,tournament,scattered,random,15,45,-31,3.0408849716186523,saturate_50
200,25,5000,10,tournament,scattered,inversion,30,45,-35,1.5409510135650635,saturate_50
200,25,5000,10,tournament,scattered,random,30,45,-36,1.978126049041748,saturate_50
200,25,5000,10,tournament,scattered,inversion,4,45,-34,2.5163960456848145,saturate_50
200,25,5000,10,tournament,scattered,random,4,45,-6,4.1074769496917725,saturate_50
200,20,5000,10,tournament,uniform,inversion,4,45,-34,3.224315881729126,saturate_50
200,20,5000,10,tournament,uniform,random,4,45,-7,5.013556957244873,saturate_50
200,25,5000,10,sss,two_points,inversion,15,45,-20,4.771056890487671,saturate_100
200,25,5000,10,sss,two_points,random,15,45,-21,4.708411931991577,saturate_100
200,25,5000,10,sss,two_points,inversion,30,45,-22,4.935506105422974,saturate_100
200,25,5000,10,sss,two_points,random,30,45,-31,3.8158278465270996,saturate_100
200,25,5000,10,sss,two_points,inversion,4,45,-23,5.06308388710022,saturate_100
200,25,5000,10,sss,two_points,random,4,45,-4,6.098307132720947,saturate_100
200,20,5000,10,sss,two_points,inversion,4,45,-18,5.2770161628723145,saturate_100
200,20,5000,10,sss,two_points,random,4,45,-6,5.235756874084473,saturate_100
200,25,5000,10,sss,uniform,inversion,15,45,-27,5.098550081253052,saturate_100
200,25,5000,10,sss,uniform,random,15,45,-19,4.892835855484009,saturate_100
200,25,5000,10,sss,uniform,inversion,30,45,-26,6.581553936004639,saturate_100
200,25,5000,10,sss,uniform,random,30,45,-33,3.6784017086029053,saturate_100
200,25,5000,10,sss,uniform,inversion,4,45,-24,9.379379272460938,saturate_100
200,25,5000,10,sss,uniform,random,4,45,-2,5.716549873352051,saturate_100
200,20,5000,10,sss,uniform,inversion,4,45,-29,4.768528938293457,saturate_100
200,20,5000,10,sss,uniform,random,4,45,-4,7.099264144897461,saturate_100
200,25,5000,10,sss,scattered,inversion,15,45,-26,4.3142900466918945,saturate_100
200,25,5000,10,sss,scattered,random,15,45,-19,6.988787889480591,saturate_100
200,25,5000,10,sss,scattered,inversion,30,45,-23,4.50015115737915,saturate_100
200,25,5000,10,sss,scattered,random,30,45,-33,6.099865674972534,saturate_100
200,25,5000,10,sss,scattered,inversion,4,45,-26,4.850260019302368,saturate_100
200,25,5000,10,sss,scattered,random,4,45,-3,5.555237293243408,saturate_100
200,20,5000,10,sss,uniform,inversion,4,45,-26,5.891634941101074,saturate_100
200,20,5000,10,sss,uniform,random,4,45,-4,5.966578006744385,saturate_100
200,25,5000,10,rws,two_points,inversion,15,45,-43,2.507918119430542,saturate_100
200,25,5000,10,rws,two_points,random,15,45,-40,5.446181058883667,saturate_100
200,25,5000,10,rws,two_points,inversion,30,45,-50,2.7711539268493652,saturate_100
200,25,5000,10,rws,two_points,random,30,45,-38,4.7307329177856445,saturate_100
200,25,5000,10,rws,two_points,inversion,4,45,-46,2.7694568634033203,saturate_100
200,20,5000,10,rws,two_points,inversion,4,45,-46,2.5216548442840576,saturate_100
200,20,5000,10,rws,two_points,random,4,45,-46,2.461858034133911,saturate_100
200,25,5000,10,rws,uniform,inversion,15,45,-48,2.6109108924865723,saturate_100
200,25,5000,10,rws,uniform,random,15,45,-45,2.7672181129455566,saturate_100
200,25,5000,10,rws,uniform,inversion,30,45,-47,3.077517032623291,saturate_100
200,25,5000,10,rws,uniform,random,30,45,-42,2.9471800327301025,saturate_100
200,25,5000,10,rws,uniform,inversion,4,45,-45,2.646273136138916,saturate_100
200,25,5000,10,rws,uniform,random,4,45,-44,5.553987741470337,saturate_100
200,20,5000,10,rws,uniform,inversion,4,45,-51,2.809609889984131,saturate_100
200,20,5000,10,rws,uniform,random,4,45,-42,2.674100160598755,saturate_100
200,25,5000,10,rws,scattered,inversion,15,45,-49,2.4327337741851807,saturate_100
200,25,5000,10,rws,scattered,random,15,45,-45,3.773730993270874,saturate_100
200,25,5000,10,rws,scattered,inversion,30,45,-41,2.6513848304748535,saturate_100
200,25,5000,10,rws,scattered,random,30,45,-42,3.2698240280151367,saturate_100
200,25,5000,10,rws,scattered,inversion,4,45,-45,2.5080509185791016,saturate_100
200,25,5000,10,rws,scattered,random,4,45,-48,2.468101978302002,saturate_100
200,20,5000,10,rws,uniform,inversion,4,45,-46,2.9202120304107666,saturate_100
200,20,5000,10,rws,uniform,random,4,45,-46,2.6006619930267334,saturate_100
200,25,5000,10,rank,two_points,inversion,15,45,-17,8.081424236297607,saturate_100
200,25,5000,10,rank,two_points,random,15,45,-23,4.383821249008179,saturate_100
200,25,5000,10,rank,two_points,inversion,30,45,-24,3.502080202102661,saturate_100
200,25,5000,10,rank,two_points,random,30,45,-33,3.1795520782470703,saturate_100
200,25,5000,10,rank,two_points,inversion,4,45,-20,5.20212984085083,saturate_100
200,20,5000,10,rank,two_points,inversion,4,45,-24,3.6988742351531982,saturate_100
200,20,5000,10,rank,two_points,random,4,45,-4,3.7958250045776367,saturate_100
200,25,5000,10,rank,uniform,inversion,15,45,-28,5.409854888916016,saturate_100
200,25,5000,10,rank,uniform,random,15,45,-20,4.222158908843994,saturate_100
200,25,5000,10,rank,uniform,inversion,30,45,-21,9.757485628128052,saturate_100
200,25,5000,10,rank,uniform,random,30,45,-32,5.159968852996826,saturate_100
200,25,5000,10,rank,uniform,inversion,4,45,-24,5.5491321086883545,saturate_100
200,25,5000,10,rank,uniform,random,4,45,-4,4.132561922073364,saturate_100
200,20,5000,10,rank,uniform,inversion,4,45,-27,4.234037160873413,saturate_100
200,20,5000,10,rank,uniform,random,4,45,-6,3.255423069000244,saturate_100
200,25,5000,10,rank,scattered,inversion,15,45,-31,3.1716501712799072,saturate_100
200,25,5000,10,rank,scattered,random,15,45,-20,4.525710105895996,saturate_100
200,25,5000,10,rank,scattered,inversion,30,45,-26,5.05731201171875,saturate_100
200,25,5000,10,rank,scattered,random,30,45,-34,5.89596700668335,saturate_100
200,25,5000,10,rank,scattered,inversion,4,45,-27,3.9824461936950684,saturate_100
200,25,5000,10,rank,scattered,random,4,45,-6,3.8201956748962402,saturate_100
200,20,5000,10,rank,uniform,inversion,4,45,-29,4.006678104400635,saturate_100
200,20,5000,10,rank,uniform,random,4,45,-5,4.613331079483032,saturate_100
200,25,5000,10,random,two_points,inversion,15,45,-45,2.502249002456665,saturate_100
200,25,5000,10,random,two_points,random,15,45,-44,4.5750861167907715,saturate_100
200,25,5000,10,random,two_points,inversion,30,45,-42,2.791879177093506,saturate_100
200,25,5000,10,random,two_points,random,30,45,-43,3.746135950088501,saturate_100
200,25,5000,10,random,two_points,inversion,4,45,-44,3.6441383361816406,saturate_100
200,20,5000,10,random,two_points,inversion,4,45,-39,4.034193992614746,saturate_100
200,20,5000,10,random,two_points,random,4,45,-47,2.3403000831604004,saturate_100
200,25,5000,10,random,uniform,inversion,15,45,-45,2.5100936889648438,saturate_100
200,25,5000,10,random,uniform,random,15,45,-43,3.05047607421875,saturate_100
200,25,5000,10,random,uniform,inversion,30,45,-48,4.630051136016846,saturate_100
200,25,5000,10,random,uniform,random,30,45,-43,4.150292873382568,saturate_100
200,25,5000,10,random,uniform,inversion,4,45,-47,2.6475048065185547,saturate_100
200,25,5000,10,random,uniform,random,4,45,-36,5.579642057418823,saturate_100
200,20,5000,10,random,uniform,inversion,4,45,-43,4.338311195373535,saturate_100
200,20,5000,10,random,uniform,random,4,45,-42,4.656584978103638,saturate_100
200,25,5000,10,random,scattered,inversion,15,45,-46,2.391974925994873,saturate_100
200,25,5000,10,random,scattered,random,15,45,-42,3.6388301849365234,saturate_100
200,25,5000,10,random,scattered,inversion,30,45,-45,2.857266902923584,saturate_100
200,25,5000,10,random,scattered,random,30,45,-44,3.7907371520996094,saturate_100
200,25,5000,10,random,scattered,inversion,4,45,-45,2.462332010269165,saturate_100
200,25,5000,10,random,scattered,random,4,45,-37,8.219022989273071,saturate_100
200,20,5000,10,random,uniform,inversion,4,45,-47,2.6349339485168457,saturate_100
200,20,5000,10,random,uniform,random,4,45,-44,4.657955646514893,saturate_100
200,25,5000,10,tournament,two_points,inversion,15,45,-32,4.112997770309448,saturate_100
200,25,5000,10,tournament,two_points,random,15,45,-29,5.109864950180054,saturate_100
200,25,5000,10,tournament,two_points,inversion,30,45,-34,3.221619129180908,saturate_100
200,25,5000,10,tournament,two_points,random,30,45,-37,2.999443769454956,saturate_100
200,25,5000,10,tournament,two_points,inversion,4,45,-32,4.343378067016602,saturate_100
200,20,5000,10,tournament,two_points,inversion,4,45,-29,6.670876979827881,saturate_100
200,20,5000,10,tournament,two_points,random,4,45,-6,10.062579870223999,saturate_100
200,25,5000,10,tournament,uniform,inversion,15,45,-37,4.71265721321106,saturate_100
200,25,5000,10,tournament,uniform,random,15,45,-26,4.597908973693848,saturate_100
200,25,5000,10,tournament,uniform,inversion,30,45,-37,3.0272271633148193,saturate_100
200,25,5000,10,tournament,uniform,random,30,45,-38,6.224391937255859,saturate_100
200,25,5000,10,tournament,uniform,inversion,4,45,-36,4.759742975234985,saturate_100
200,25,5000,10,tournament,uniform,random,4,45,-7,5.728795766830444,saturate_100
200,20,5000,10,tournament,uniform,inversion,4,45,-36,6.430682182312012,saturate_100
200,20,5000,10,tournament,uniform,random,4,45,-7,5.7895729541778564,saturate_100
200,25,5000,10,tournament,scattered,inversion,15,45,-37,3.709336280822754,saturate_100
200,25,5000,10,tournament,scattered,random,15,45,-29,8.530067920684814,saturate_100
200,25,5000,10,tournament,scattered,inversion,30,45,-36,5.4826860427856445,saturate_100
200,25,5000,10,tournament,scattered,random,30,45,-37,4.812756061553955,saturate_100
200,25,5000,10,tournament,scattered,inversion,4,45,-35,4.29510498046875,saturate_100
200,25,5000,10,tournament,scattered,random,4,45,-4,7.814299821853638,saturate_100
200,20,5000,10,tournament,uniform,inversion,4,45,-37,5.340169906616211,saturate_100
200,20,5000,10,tournament,uniform,random,4,45,-7,7.585875988006592,saturate_100
500,25,5000,10,sss,two_points,inversion,15,45,-19,5.478572130203247,saturate_50
500,25,5000,10,sss,two_points,random,15,45,-19,6.639793872833252,saturate_50
500,25,5000,10,sss,two_points,inversion,30,45,-16,11.482446908950806,saturate_50
500,25,5000,10,sss,two_points,random,30,45,-30,7.417702913284302,saturate_50
500,25,5000,10,sss,two_points,inversion,4,45,-19,7.094503879547119,saturate_50
500,25,5000,10,sss,two_points,random,4,45,-5,5.085692882537842,saturate_50
500,20,5000,10,sss,two_points,inversion,4,45,-21,5.733781099319458,saturate_50
500,20,5000,10,sss,two_points,random,4,45,-4,5.9205169677734375,saturate_50
500,25,5000,10,sss,uniform,inversion,15,45,-22,6.7286810874938965,saturate_50
500,25,5000,10,sss,uniform,random,15,45,-18,6.925317764282227,saturate_50
500,25,5000,10,sss,uniform,inversion,30,45,-21,5.778976917266846,saturate_50
500,25,5000,10,sss,uniform,random,30,45,-33,4.010981798171997,saturate_50
500,25,5000,10,sss,uniform,inversion,4,45,-18,12.216111898422241,saturate_50
500,25,5000,10,sss,uniform,random,4,45,-5,4.852095127105713,saturate_50
500,20,5000,10,sss,uniform,inversion,4,45,-17,7.099527835845947,saturate_50
500,20,5000,10,sss,uniform,random,4,45,-2,7.352631092071533,saturate_50
500,25,5000,10,sss,scattered,inversion,15,45,-19,10.131930828094482,saturate_50
500,25,5000,10,sss,scattered,random,15,45,-18,7.923376798629761,saturate_50
500,25,5000,10,sss,scattered,inversion,30,45,-23,9.838606834411621,saturate_50
500,25,5000,10,sss,scattered,random,30,45,-31,7.563102960586548,saturate_50
500,25,5000,10,sss,scattered,inversion,4,45,-13,15.258639812469482,saturate_50
500,25,5000,10,sss,scattered,random,4,45,-6,6.133122205734253,saturate_50
500,20,5000,10,sss,uniform,inversion,4,45,-20,7.193485975265503,saturate_50
500,20,5000,10,sss,uniform,random,4,45,-3,8.913986682891846,saturate_50
500,25,5000,10,rws,two_points,inversion,15,45,-47,3.571798086166382,saturate_50
500,25,5000,10,rws,two_points,random,15,45,-46,3.5800392627716064,saturate_50
500,25,5000,10,rws,two_points,inversion,30,45,-48,3.8028481006622314,saturate_50
500,25,5000,10,rws,two_points,random,30,45,-42,5.825938940048218,saturate_50
500,25,5000,10,rws,two_points,inversion,4,45,-45,3.2856249809265137,saturate_50
500,20,5000,10,rws,two_points,inversion,4,45,-44,3.5513417720794678,saturate_50
500,20,5000,10,rws,two_points,random,4,45,-48,4.340795278549194,saturate_50
500,25,5000,10,rws,uniform,inversion,15,45,-47,3.629812002182007,saturate_50
500,25,5000,10,rws,uniform,random,15,45,-45,4.3170082569122314,saturate_50
500,25,5000,10,rws,uniform,inversion,30,45,-42,3.348975896835327,saturate_50
500,25,5000,10,rws,uniform,random,30,45,-42,5.377283096313477,saturate_50
500,25,5000,10,rws,uniform,inversion,4,45,-42,4.288074016571045,saturate_50
500,25,5000,10,rws,uniform,random,4,45,-49,3.3744349479675293,saturate_50
500,20,5000,10,rws,uniform,inversion,4,45,-46,3.3721818923950195,saturate_50
500,20,5000,10,rws,uniform,random,4,45,-45,3.378635883331299,saturate_50
500,25,5000,10,rws,scattered,inversion,15,45,-45,3.2611751556396484,saturate_50
500,25,5000,10,rws,scattered,random,15,45,-45,4.574756145477295,saturate_50
500,25,5000,10,rws,scattered,inversion,30,45,-40,3.1855227947235107,saturate_50
500,25,5000,10,rws,scattered,random,30,45,-43,5.62775993347168,saturate_50
500,25,5000,10,rws,scattered,inversion,4,45,-48,3.164566993713379,saturate_50
500,25,5000,10,rws,scattered,random,4,45,-45,4.078070878982544,saturate_50
500,20,5000,10,rws,uniform,inversion,4,45,-49,3.370413064956665,saturate_50
500,20,5000,10,rws,uniform,random,4,45,-47,3.471367120742798,saturate_50
500,25,5000,10,rank,two_points,inversion,15,45,-20,7.43539023399353,saturate_50
500,25,5000,10,rank,two_points,random,15,45,-19,4.605967998504639,saturate_50
500,25,5000,10,rank,two_points,inversion,30,45,-20,5.325101852416992,saturate_50
500,25,5000,10,rank,two_points,random,30,45,-33,5.340747117996216,saturate_50
500,25,5000,10,rank,two_points,inversion,4,45,-17,7.173578977584839,saturate_50
500,20,5000,10,rank,two_points,inversion,4,45,-19,5.166260242462158,saturate_50
500,20,5000,10,rank,two_points,random,4,45,-5,5.408850908279419,saturate_50
500,25,5000,10,rank,uniform,inversion,15,45,-20,6.246567964553833,saturate_50
500,25,5000,10,rank,uniform,random,15,45,-17,7.680943965911865,saturate_50
500,25,5000,10,rank,uniform,inversion,30,45,-16,10.617516040802002,saturate_50
500,25,5000,10,rank,uniform,random,30,45,-31,7.661823034286499,saturate_50
500,25,5000,10,rank,uniform,inversion,4,45,-12,12.01027512550354,saturate_50
500,25,5000,10,rank,uniform,random,4,45,0,10.001945972442627,saturate_50
500,20,5000,10,rank,uniform,inversion,4,45,-24,5.4141199588775635,saturate_50
500,20,5000,10,rank,uniform,random,4,45,-4,4.968483924865723,saturate_50
500,25,5000,10,rank,scattered,inversion,15,45,-19,9.126191139221191,saturate_50
500,25,5000,10,rank,scattered,random,15,45,-19,8.655810117721558,saturate_50
500,25,5000,10,rank,scattered,inversion,30,45,-22,5.907257795333862,saturate_50
500,25,5000,10,rank,scattered,random,30,45,-30,6.8537468910217285,saturate_50
500,25,5000,10,rank,scattered,inversion,4,45,-19,8.516783952713013,saturate_50
500,25,5000,10,rank,scattered,random,4,45,-2,8.700833082199097,saturate_50
500,20,5000,10,rank,uniform,inversion,4,45,-16,10.359713077545166,saturate_50
500,20,5000,10,rank,uniform,random,4,45,-4,4.482645034790039,saturate_50
500,25,5000,10,random,two_points,inversion,15,45,-46,3.545074939727783,saturate_50
500,25,5000,10,random,two_points,random,15,45,-39,4.828807830810547,saturate_50
500,25,5000,10,random,two_points,inversion,30,45,-45,5.252125978469849,saturate_50
500,25,5000,10,random,two_points,random,30,45,-44,4.294094085693359,saturate_50
500,25,5000,10,random,two_points,inversion,4,45,-44,5.515733003616333,saturate_50
500,20,5000,10,random,two_points,inversion,4,45,-45,3.2033541202545166,saturate_50
500,20,5000,10,random,two_points,random,4,45,-40,4.112926006317139,saturate_50
500,25,5000,10,random,uniform,inversion,15,45,-44,5.391189813613892,saturate_50
500,25,5000,10,random,uniform,random,15,45,-42,7.450587749481201,saturate_50
500,25,5000,10,random,uniform,inversion,30,45,-45,3.6679418087005615,saturate_50
500,25,5000,10,random,uniform,random,30,45,-44,5.95418906211853,saturate_50
500,25,5000,10,random,uniform,inversion,4,45,-42,4.919237852096558,saturate_50
500,25,5000,10,random,uniform,random,4,45,-47,4.307660102844238,saturate_50
500,20,5000,10,random,uniform,inversion,4,45,-37,4.3717041015625,saturate_50
500,20,5000,10,random,uniform,random,4,45,-42,4.6801841259002686,saturate_50
500,25,5000,10,random,scattered,inversion,15,45,-48,3.2045369148254395,saturate_50
500,25,5000,10,random,scattered,random,15,45,-42,3.3841238021850586,saturate_50
500,25,5000,10,random,scattered,inversion,30,45,-44,3.588150978088379,saturate_50
500,25,5000,10,random,scattered,random,30,45,-42,4.02164626121521,saturate_50
500,25,5000,10,random,scattered,inversion,4,45,-44,3.393528938293457,saturate_50
500,25,5000,10,random,scattered,random,4,45,-40,3.9091389179229736,saturate_50
500,20,5000,10,random,uniform,inversion,4,45,-44,4.220895051956177,saturate_50
500,20,5000,10,random,uniform,random,4,45,-37,5.6714489459991455,saturate_50
500,25,5000,10,tournament,two_points,inversion,15,45,-34,5.7416160106658936,saturate_50
500,25,5000,10,tournament,two_points,random,15,45,-32,4.956409215927124,saturate_50
500,25,5000,10,tournament,two_points,inversion,30,45,-31,7.252956867218018,saturate_50
500,25,5000,10,tournament,two_points,random,30,45,-36,8.047874927520752,saturate_50
500,25,5000,10,tournament,two_points,inversion,4,45,-32,9.388978958129883,saturate_50
500,20,5000,10,tournament,two_points,inversion,4,45,-34,5.505658864974976,saturate_50
500,20,5000,10,tournament,two_points,random,4,45,-9,10.622949838638306,saturate_50
500,25,5000,10,tournament,uniform,inversion,15,45,-38,4.104480028152466,saturate_50
500,25,5000,10,tournament,uniform,random,15,45,-31,7.011123180389404,saturate_50
500,25,5000,10,tournament,uniform,inversion,30,45,-33,10.21625804901123,saturate_50
500,25,5000,10,tournament,uniform,random,30,45,-35,5.0837860107421875,saturate_50
500,25,5000,10,tournament,uniform,inversion,4,45,-36,10.584572792053223,saturate_50
500,25,5000,10,tournament,uniform,random,4,45,-7,9.438853025436401,saturate_50
500,20,5000,10,tournament,uniform,inversion,4,45,-34,4.552548885345459,saturate_50
500,20,5000,10,tournament,uniform,random,4,45,-7,13.708457946777344,saturate_50
500,25,5000,10,tournament,scattered,inversion,15,45,-33,14.182034969329834,saturate_50
500,25,5000,10,tournament,scattered,random,15,45,-33,5.37191104888916,saturate_50
500,25,5000,10,tournament,scattered,inversion,30,45,-33,5.312839984893799,saturate_50
500,25,5000,10,tournament,scattered,random,30,45,-36,7.608040809631348,saturate_50
500,25,5000,10,tournament,scattered,inversion,4,45,-37,4.988479852676392,saturate_50
500,25,5000,10,tournament,scattered,random,4,45,-8,7.974739074707031,saturate_50
500,20,5000,10,tournament,uniform,inversion,4,45,-32,6.19341516494751,saturate_50
500,20,5000,10,tournament,uniform,random,4,45,-6,10.423827886581421,saturate_50
500,30,5000,10,sss,two_points,inversion,15,45,-19,6.77428674697876,saturate_50
500,30,5000,10,sss,two_points,random,15,45,-20,5.714881181716919,saturate_50
500,30,5000,10,sss,two_points,inversion,30,45,-16,5.363249778747559,saturate_50
500,30,5000,10,sss,two_points,random,30,45,-29,4.449563264846802,saturate_50
500,30,5000,10,sss,two_points,inversion,4,45,-16,10.138986825942993,saturate_50
500,30,5000,10,sss,two_points,random,4,45,-2,8.130831003189087,saturate_50
500,30,5000,10,sss,two_points,inversion,4,45,-20,5.221284866333008,saturate_50
500,30,5000,10,sss,two_points,random,4,45,-5,5.6183178424835205,saturate_50
500,30,5000,10,sss,uniform,inversion,15,45,-20,6.65210485458374,saturate_50
500,30,5000,10,sss,uniform,random,15,45,-22,5.547249794006348,saturate_50
500,30,5000,10,sss,uniform,inversion,30,45,-17,9.986105918884277,saturate_50
500,30,5000,10,sss,uniform,random,30,45,-32,7.215742826461792,saturate_50
500,30,5000,10,sss,uniform,inversion,4,45,-25,6.122002124786377,saturate_50
500,30,5000,10,sss,uniform,random,4,45,-5,5.353722095489502,saturate_50
500,30,5000,10,sss,uniform,inversion,4,45,-24,7.280579090118408,saturate_50
500,30,5000,10,sss,uniform,random,4,45,-5,5.361633777618408,saturate_50
500,30,5000,10,sss,scattered,inversion,15,45,-23,4.714258909225464,saturate_50
500,30,5000,10,sss,scattered,random,15,45,-19,7.256494760513306,saturate_50
500,30,5000,10,sss,scattered,inversion,30,45,-16,8.448828220367432,saturate_50
500,30,5000,10,sss,scattered,random,30,45,-32,5.354603052139282,saturate_50
500,30,5000,10,sss,scattered,inversion,4,45,-22,7.728255987167358,saturate_50
500,30,5000,10,sss,scattered,random,4,45,-5,5.687032222747803,saturate_50
500,30,5000,10,sss,uniform,inversion,4,45,-23,6.850801944732666,saturate_50
500,30,5000,10,sss,uniform,random,4,45,-6,4.75051212310791,saturate_50
500,30,5000,10,rws,two_points,inversion,15,45,-46,3.065793037414551,saturate_50
500,30,5000,10,rws,two_points,random,15,45,-44,7.124105930328369,saturate_50
500,30,5000,10,rws,two_points,inversion,30,45,-47,3.3031530380249023,saturate_50
500,30,5000,10,rws,two_points,random,30,45,-44,6.079913139343262,saturate_50
500,30,5000,10,rws,two_points,inversion,4,45,-41,3.2520029544830322,saturate_50
500,30,5000,10,rws,two_points,inversion,4,45,-45,3.614057779312134,saturate_50
500,30,5000,10,rws,two_points,random,4,45,-45,3.373399019241333,saturate_50
500,30,5000,10,rws,uniform,inversion,15,45,-46,3.60465407371521,saturate_50
500,30,5000,10,rws,uniform,random,15,45,-45,3.8137500286102295,saturate_50
500,30,5000,10,rws,uniform,inversion,30,45,-45,3.939284324645996,saturate_50
500,30,5000,10,rws,uniform,random,30,45,-42,5.611593961715698,saturate_50
500,30,5000,10,rws,uniform,inversion,4,45,-46,4.074391841888428,saturate_50
500,30,5000,10,rws,uniform,random,4,45,-48,3.9865779876708984,saturate_50
500,30,5000,10,rws,uniform,inversion,4,45,-44,3.493677854537964,saturate_50
500,30,5000,10,rws,uniform,random,4,45,-44,4.494479179382324,saturate_50
500,30,5000,10,rws,scattered,inversion,15,45,-45,4.0786519050598145,saturate_50
500,30,5000,10,rws,scattered,random,15,45,-42,5.870492935180664,saturate_50
500,30,5000,10,rws,scattered,inversion,30,45,-42,3.1890769004821777,saturate_50
500,30,5000,10,rws,scattered,random,30,45,-39,8.324225902557373,saturate_50
500,30,5000,10,rws,scattered,inversion,4,45,-43,4.344223976135254,saturate_50
500,30,5000,10,rws,scattered,random,4,45,-43,3.4803199768066406,saturate_50
500,30,5000,10,rws,uniform,inversion,4,45,-47,3.873839855194092,saturate_50
500,30,5000,10,rws,uniform,random,4,45,-48,3.8648581504821777,saturate_50
500,30,5000,10,rank,two_points,inversion,15,45,-16,9.190233945846558,saturate_50
500,30,5000,10,rank,two_points,random,15,45,-18,6.209249973297119,saturate_50
500,30,5000,10,rank,two_points,inversion,30,45,-17,8.883255958557129,saturate_50
500,30,5000,10,rank,two_points,random,30,45,-31,6.446353912353516,saturate_50
500,30,5000,10,rank,two_points,inversion,4,45,-21,6.893877029418945,saturate_50
500,30,5000,10,rank,two_points,inversion,4,45,-20,4.961072683334351,saturate_50
500,30,5000,10,rank,two_points,random,4,45,-4,10.003443002700806,saturate_50
500,30,5000,10,rank,uniform,inversion,15,45,-21,7.108088731765747,saturate_50
500,30,5000,10,rank,uniform,random,15,45,-19,6.289129018783569,saturate_50
500,30,5000,10,rank,uniform,inversion,30,45,-25,4.837486982345581,saturate_50
500,30,5000,10,rank,uniform,random,30,45,-30,6.408557176589966,saturate_50
500,30,5000,10,rank,uniform,inversion,4,45,-22,5.901162147521973,saturate_50
500,30,5000,10,rank,uniform,random,4,45,-3,5.8864898681640625,saturate_50
500,30,5000,10,rank,uniform,inversion,4,45,-19,12.902510166168213,saturate_50
500,30,5000,10,rank,uniform,random,4,45,-2,9.22006893157959,saturate_50
500,30,5000,10,rank,scattered,inversion,15,45,-20,6.0580010414123535,saturate_50
500,30,5000,10,rank,scattered,random,15,45,-17,8.176028966903687,saturate_50
500,30,5000,10,rank,scattered,inversion,30,45,-21,12.04925012588501,saturate_50
500,30,5000,10,rank,scattered,random,30,45,-31,4.073590040206909,saturate_50
500,30,5000,10,rank,scattered,inversion,4,45,-19,9.172808408737183,saturate_50
500,30,5000,10,rank,scattered,random,4,45,-4,4.810931921005249,saturate_50
500,30,5000,10,rank,uniform,inversion,4,45,-20,6.802170753479004,saturate_50
500,30,5000,10,rank,uniform,random,4,45,-3,5.187356948852539,saturate_50
500,30,5000,10,random,two_points,inversion,15,45,-44,3.5811400413513184,saturate_50
500,30,5000,10,random,two_points,random,15,45,-41,6.74690318107605,saturate_50
500,30,5000,10,random,two_points,inversion,30,45,-42,3.9544930458068848,saturate_50
500,30,5000,10,random,two_points,random,30,45,-44,6.684722185134888,saturate_50
500,30,5000,10,random,two_points,inversion,4,45,-42,3.600882053375244,saturate_50
500,30,5000,10,random,two_points,inversion,4,45,-42,4.465277910232544,saturate_50
500,30,5000,10,random,two_points,random,4,45,-41,3.1264641284942627,saturate_50
500,30,5000,10,random,uniform,inversion,15,45,-42,3.3830583095550537,saturate_50
500,30,5000,10,random,uniform,random,15,45,-44,4.185808897018433,saturate_50
500,30,5000,10,random,uniform,inversion,30,45,-46,3.8028390407562256,saturate_50
500,30,5000,10,random,uniform,random,30,45,-40,4.161128759384155,saturate_50
500,30,5000,10,random,uniform,inversion,4,45,-46,3.9379498958587646,saturate_50
500,30,5000,10,random,uniform,random,4,45,-45,3.3041019439697266,saturate_50
500,30,5000,10,random,uniform,inversion,4,45,-45,3.559269905090332,saturate_50
500,30,5000,10,random,uniform,random,4,45,-43,5.277818202972412,saturate_50
500,30,5000,10,random,scattered,inversion,15,45,-43,3.194946050643921,saturate_50
500,30,5000,10,random,scattered,random,15,45,-40,6.522770881652832,saturate_50
500,30,5000,10,random,scattered,inversion,30,45,-48,3.1025807857513428,saturate_50
500,30,5000,10,random,scattered,random,30,45,-43,4.323265075683594,saturate_50
500,30,5000,10,random,scattered,inversion,4,45,-44,3.284933090209961,saturate_50
500,30,5000,10,random,scattered,random,4,45,-44,3.7144548892974854,saturate_50
500,30,5000,10,random,uniform,inversion,4,45,-47,3.5113978385925293,saturate_50
500,30,5000,10,random,uniform,random,4,45,-43,3.4685401916503906,saturate_50
500,30,5000,10,tournament,two_points,inversion,15,45,-34,5.389817953109741,saturate_50
500,30,5000,10,tournament,two_points,random,15,45,-31,6.035390853881836,saturate_50
500,30,5000,10,tournament,two_points,inversion,30,45,-33,5.943117141723633,saturate_50
500,30,5000,10,tournament,two_points,random,30,45,-37,5.246924877166748,saturate_50
500,30,5000,10,tournament,two_points,inversion,4,45,-35,6.163356065750122,saturate_50
500,30,5000,10,tournament,two_points,inversion,4,45,-29,6.166347026824951,saturate_50
500,30,5000,10,tournament,two_points,random,4,45,-8,9.384459018707275,saturate_50
500,30,5000,10,tournament,uniform,inversion,15,45,-34,12.198307037353516,saturate_50
500,30,5000,10,tournament,uniform,random,15,45,-31,7.612056016921997,saturate_50
500,30,5000,10,tournament,uniform,inversion,30,45,-36,5.908994913101196,saturate_50
500,30,5000,10,tournament,uniform,random,30,45,-37,7.385481834411621,saturate_50
500,30,5000,10,tournament,uniform,inversion,4,45,-34,5.794519901275635,saturate_50
500,30,5000,10,tournament,uniform,random,4,45,-8,11.42499828338623,saturate_50
500,30,5000,10,tournament,uniform,inversion,4,45,-36,4.801215171813965,saturate_50
500,30,5000,10,tournament,uniform,random,4,45,-6,12.052058219909668,saturate_50
500,30,5000,10,tournament,scattered,inversion,15,45,-34,3.716249704360962,saturate_50
500,30,5000,10,tournament,scattered,random,15,45,-31,7.249449014663696,saturate_50
500,30,5000,10,tournament,scattered,inversion,30,45,-36,3.3454370498657227,saturate_50
500,30,5000,10,tournament,scattered,random,30,45,-39,3.881215810775757,saturate_50
500,30,5000,10,tournament,scattered,inversion,4,45,-34,5.6519458293914795,saturate_50
500,30,5000,10,tournament,scattered,random,4,45,-8,6.884572982788086,saturate_50
500,30,5000,10,tournament,uniform,inversion,4,45,-35,7.096135139465332,saturate_50
500,30,5000,10,tournament,uniform,random,4,45,-4,14.900933980941772,saturate_50
500,40,5000,10,sss,two_points,inversion,15,45,-19,6.767099142074585,saturate_50
500,40,5000,10,sss,two_points,random,15,45,-18,8.153222799301147,saturate_50
500,40,5000,10,sss,two_points,inversion,30,45,-17,6.465094804763794,saturate_50
500,40,5000,10,sss,two_points,random,30,45,-31,9.372965812683105,saturate_50
500,40,5000,10,sss,two_points,inversion,4,45,-18,8.643052101135254,saturate_50
500,40,5000,10,sss,two_points,random,4,45,-3,8.36270022392273,saturate_50
500,40,5000,10,sss,two_points,inversion,4,45,-17,7.352503776550293,saturate_50
500,40,5000,10,sss,two_points,random,4,45,-6,6.591580152511597,saturate_50
500,40,5000,10,sss,uniform,inversion,15,45,-24,5.464962959289551,saturate_50
500,40,5000,10,sss,uniform,random,15,45,-21,5.283728122711182,saturate_50
500,40,5000,10,sss,uniform,inversion,30,45,-20,9.020134210586548,saturate_50
500,40,5000,10,sss,uniform,random,30,45,-34,5.079251766204834,saturate_50
500,40,5000,10,sss,uniform,inversion,4,45,-19,11.661839008331299,saturate_50
500,40,5000,10,sss,uniform,random,4,45,-6,7.754038095474243,saturate_50
500,40,5000,10,sss,uniform,inversion,4,45,-21,8.803133010864258,saturate_50
500,40,5000,10,sss,uniform,random,4,45,-6,5.460100173950195,saturate_50
500,40,5000,10,sss,scattered,inversion,15,45,-24,7.898453950881958,saturate_50
500,40,5000,10,sss,scattered,random,15,45,-20,6.005501985549927,saturate_50
500,40,5000,10,sss,scattered,inversion,30,45,-25,5.931564092636108,saturate_50
500,40,5000,10,sss,scattered,random,30,45,-33,3.912221908569336,saturate_50
500,40,5000,10,sss,scattered,inversion,4,45,-16,9.815847873687744,saturate_50
500,40,5000,10,sss,scattered,random,4,45,-5,7.4073710441589355,saturate_50
500,40,5000,10,sss,uniform,inversion,4,45,-25,7.186567068099976,saturate_50
500,40,5000,10,sss,uniform,random,4,45,-4,6.5152809619903564,saturate_50
500,40,5000,10,rws,two_points,inversion,15,45,-46,3.2176711559295654,saturate_50
500,40,5000,10,rws,two_points,random,15,45,-43,4.513236999511719,saturate_50
500,40,5000,10,rws,two_points,inversion,30,45,-43,3.0871999263763428,saturate_50
500,40,5000,10,rws,two_points,random,30,45,-44,3.548090934753418,saturate_50
500,40,5000,10,rws,two_points,inversion,4,45,-42,3.074420928955078,saturate_50
500,40,5000,10,rws,two_points,inversion,4,45,-37,3.257596015930176,saturate_50
500,40,5000,10,rws,two_points,random,4,45,-47,3.2536251544952393,saturate_50
500,40,5000,10,rws,uniform,inversion,15,45,-46,3.2996819019317627,saturate_50
500,40,5000,10,rws,uniform,random,15,45,-45,3.598994255065918,saturate_50
500,40,5000,10,rws,uniform,inversion,30,45,-43,4.262673854827881,saturate_50
500,40,5000,10,rws,uniform,random,30,45,-43,3.751798629760742,saturate_50
500,40,5000,10,rws,uniform,inversion,4,45,-43,3.8291661739349365,saturate_50
500,40,5000,10,rws,uniform,random,4,45,-47,3.3077499866485596,saturate_50
500,40,5000,10,rws,uniform,inversion,4,45,-40,4.024831056594849,saturate_50
500,40,5000,10,rws,uniform,random,4,45,-41,3.748577833175659,saturate_50
500,40,5000,10,rws,scattered,inversion,15,45,-49,3.1407291889190674,saturate_50
500,40,5000,10,rws,scattered,random,15,45,-43,3.5496749877929688,saturate_50
500,40,5000,10,rws,scattered,inversion,30,45,-47,3.1507461071014404,saturate_50
500,40,5000,10,rws,scattered,random,30,45,-43,3.6395890712738037,saturate_50
500,40,5000,10,rws,scattered,inversion,4,45,-45,3.167726993560791,saturate_50
500,40,5000,10,rws,scattered,random,4,45,-48,3.1087491512298584,saturate_50
500,40,5000,10,rws,uniform,inversion,4,45,-47,5.798471927642822,saturate_50
500,40,5000,10,rws,uniform,random,4,45,-40,6.249653339385986,saturate_50
500,40,5000,10,rank,two_points,inversion,15,45,-16,8.265743970870972,saturate_50
500,40,5000,10,rank,two_points,random,15,45,-19,6.494382858276367,saturate_50
500,40,5000,10,rank,two_points,inversion,30,45,-15,7.78665566444397,saturate_50
500,40,5000,10,rank,two_points,random,30,45,-33,7.24052095413208,saturate_50
500,40,5000,10,rank,two_points,inversion,4,45,-14,9.127678871154785,saturate_50
500,40,5000,10,rank,two_points,inversion,4,45,-20,7.130965948104858,saturate_50
500,40,5000,10,rank,two_points,random,4,45,-4,4.700359106063843,saturate_50
500,40,5000,10,rank,uniform,inversion,15,45,-24,9.279600143432617,saturate_50
500,40,5000,10,rank,uniform,random,15,45,-20,8.16235089302063,saturate_50
500,40,5000,10,rank,uniform,inversion,30,45,-23,8.593986988067627,saturate_50
500,40,5000,10,rank,uniform,random,30,45,-31,7.350725889205933,saturate_50
500,40,5000,10,rank,uniform,inversion,4,45,-22,9.137789964675903,saturate_50
500,40,5000,10,rank,uniform,random,4,45,-6,4.894104957580566,saturate_50
500,40,5000,10,rank,uniform,inversion,4,45,-26,7.350383996963501,saturate_50
500,40,5000,10,rank,uniform,random,4,45,-4,5.7544519901275635,saturate_50
500,40,5000,10,rank,scattered,inversion,15,45,-22,10.724819421768188,saturate_50
500,40,5000,10,rank,scattered,random,15,45,-21,7.818860054016113,saturate_50
500,40,5000,10,rank,scattered,inversion,30,45,-22,11.177325010299683,saturate_50
500,40,5000,10,rank,scattered,random,30,45,-30,4.923819065093994,saturate_50
500,40,5000,10,rank,scattered,inversion,4,45,-18,7.826756000518799,saturate_50
500,40,5000,10,rank,scattered,random,4,45,-6,5.65175986289978,saturate_50
500,40,5000,10,rank,uniform,inversion,4,45,-25,6.783756971359253,saturate_50
500,40,5000,10,rank,uniform,random,4,45,-6,5.238054990768433,saturate_50
500,40,5000,10,random,two_points,inversion,15,45,-44,3.4197487831115723,saturate_50
500,40,5000,10,random,two_points,random,15,45,-39,9.821646928787231,saturate_50
500,40,5000,10,random,two_points,inversion,30,45,-42,2.996378183364868,saturate_50
500,40,5000,10,random,two_points,random,30,45,-43,5.603301286697388,saturate_50
500,40,5000,10,random,two_points,inversion,4,45,-45,2.9911179542541504,saturate_50
500,40,5000,10,random,two_points,inversion,4,45,-37,4.655994892120361,saturate_50
500,40,5000,10,random,two_points,random,4,45,-39,4.4199910163879395,saturate_50
500,40,5000,10,random,uniform,inversion,15,45,-42,4.667593002319336,saturate_50
500,40,5000,10,random,uniform,random,15,45,-40,6.9589598178863525,saturate_50
500,40,5000,10,random,uniform,inversion,30,45,-42,3.9431138038635254,saturate_50
500,40,5000,10,random,uniform,random,30,45,-41,4.838957071304321,saturate_50
500,40,5000,10,random,uniform,inversion,4,45,-44,3.865868091583252,saturate_50
500,40,5000,10,random,uniform,random,4,45,-43,4.104651927947998,saturate_50
500,40,5000,10,random,uniform,inversion,4,45,-47,3.4348020553588867,saturate_50
500,40,5000,10,random,uniform,random,4,45,-40,5.51086688041687,saturate_50
500,40,5000,10,random,scattered,inversion,15,45,-44,3.024853229522705,saturate_50
500,40,5000,10,random,scattered,random,15,45,-43,3.746657133102417,saturate_50
500,40,5000,10,random,scattered,inversion,30,45,-45,3.2603530883789062,saturate_50
500,40,5000,10,random,scattered,random,30,45,-43,3.4288980960845947,saturate_50
500,40,5000,10,random,scattered,inversion,4,45,-41,3.88301682472229,saturate_50
500,40,5000,10,random,scattered,random,4,45,-45,3.35233211517334,saturate_50
500,40,5000,10,random,uniform,inversion,4,45,-43,4.428607940673828,saturate_50
500,40,5000,10,random,uniform,random,4,45,-39,5.030040264129639,saturate_50
500,40,5000,10,tournament,two_points,inversion,15,45,-30,7.729449033737183,saturate_50
500,40,5000,10,tournament,two_points,random,15,45,-29,8.056786298751831,saturate_50
500,40,5000,10,tournament,two_points,inversion,30,45,-33,6.699275016784668,saturate_50
500,40,5000,10,tournament,two_points,random,30,45,-34,4.598858118057251,saturate_50
500,40,5000,10,tournament,two_points,inversion,4,45,-30,6.18551778793335,saturate_50
500,40,5000,10,tournament,two_points,inversion,4,45,-33,6.529129981994629,saturate_50
500,40,5000,10,tournament,two_points,random,4,45,-9,10.735107183456421,saturate_50
500,40,5000,10,tournament,uniform,inversion,15,45,-37,4.318542957305908,saturate_50
500,40,5000,10,tournament,uniform,random,15,45,-30,4.12981390953064,saturate_50
500,40,5000,10,tournament,uniform,inversion,30,45,-34,7.83837628364563,saturate_50
500,40,5000,10,tournament,uniform,random,30,45,-37,8.358071088790894,saturate_50
500,40,5000,10,tournament,uniform,inversion,4,45,-38,4.068471193313599,saturate_50
500,40,5000,10,tournament,uniform,random,4,45,-6,12.914851903915405,saturate_50
500,40,5000,10,tournament,uniform,inversion,4,45,-36,4.255239009857178,saturate_50
500,40,5000,10,tournament,uniform,random,4,45,-7,8.80315899848938,saturate_50
500,40,5000,10,tournament,scattered,inversion,15,45,-33,6.2435479164123535,saturate_50
500,40,5000,10,tournament,scattered,random,15,45,-32,6.486553192138672,saturate_50
500,40,5000,10,tournament,scattered,inversion,30,45,-37,3.7879278659820557,saturate_50
500,40,5000,10,tournament,scattered,random,30,45,-37,7.216261863708496,saturate_50
500,40,5000,10,tournament,scattered,inversion,4,45,-31,6.712755918502808,saturate_50
500,40,5000,10,tournament,scattered,random,4,45,-10,6.334741115570068,saturate_50
500,40,5000,10,tournament,uniform,inversion,4,45,-35,7.471297979354858,saturate_50
500,40,5000,10,tournament,uniform,random,4,45,-5,11.672277927398682,saturate_50
500,20,5000,5,sss,two_points,inversion,15,45,-18,6.699664115905762,saturate_50
500,20,5000,5,sss,two_points,random,15,45,-18,7.48279595375061,saturate_50
500,20,5000,5,sss,two_points,inversion,30,45,-18,7.540647983551025,saturate_50
500,20,5000,5,sss,two_points,random,30,45,-30,9.886031866073608,saturate_50
500,20,5000,5,sss,two_points,inversion,4,45,-19,5.780378103256226,saturate_50
500,20,5000,5,sss,two_points,random,4,45,-6,5.693854808807373,saturate_50
500,20,5000,5,sss,two_points,inversion,4,45,-22,4.890980243682861,saturate_50
500,20,5000,5,sss,two_points,random,4,45,-5,4.479460954666138,saturate_50
500,20,5000,5,sss,uniform,inversion,15,45,-23,6.9622108936309814,saturate_50
500,20,5000,5,sss,uniform,random,15,45,-19,6.337239027023315,saturate_50
500,20,5000,5,sss,uniform,inversion,30,45,-22,5.839307069778442,saturate_50
500,20,5000,5,sss,uniform,random,30,45,-32,3.9975099563598633,saturate_50
500,20,5000,5,sss,uniform,inversion,4,45,-25,4.547055721282959,saturate_50
500,20,5000,5,sss,uniform,random,4,45,-3,9.09351110458374,saturate_50
500,20,5000,5,sss,uniform,inversion,4,45,-15,11.527748823165894,saturate_50
500,20,5000,5,sss,uniform,random,4,45,-5,6.575753927230835,saturate_50
500,20,5000,5,sss,scattered,inversion,15,45,-21,5.8566436767578125,saturate_50
500,20,5000,5,sss,scattered,random,15,45,-16,8.289150953292847,saturate_50
500,20,5000,5,sss,scattered,inversion,30,45,-13,9.564929008483887,saturate_50
500,20,5000,5,sss,scattered,random,30,45,-32,5.431445121765137,saturate_50
500,20,5000,5,sss,scattered,inversion,4,45,-17,11.578967094421387,saturate_50
500,20,5000,5,sss,scattered,random,4,45,-5,6.4678449630737305,saturate_50
500,20,5000,5,sss,uniform,inversion,4,45,-16,8.908528804779053,saturate_50
500,20,5000,5,sss,uniform,random,4,45,-5,7.552035093307495,saturate_50
500,20,5000,5,rws,two_points,inversion,15,45,-47,3.7736728191375732,saturate_50
500,20,5000,5,rws,two_points,random,15,45,-47,3.2232987880706787,saturate_50
500,20,5000,5,rws,two_points,inversion,30,45,-46,3.336315155029297,saturate_50
500,20,5000,5,rws,two_points,random,30,45,-44,6.655275106430054,saturate_50
500,20,5000,5,rws,two_points,inversion,4,45,-48,4.582257270812988,saturate_50
500,20,5000,5,rws,two_points,inversion,4,45,-45,3.4923911094665527,saturate_50
500,20,5000,5,rws,two_points,random,4,45,-46,3.336122751235962,saturate_50
500,20,5000,5,rws,uniform,inversion,15,45,-46,3.541224956512451,saturate_50
500,20,5000,5,rws,uniform,random,15,45,-44,3.6365959644317627,saturate_50
500,20,5000,5,rws,uniform,inversion,30,45,-43,3.8313751220703125,saturate_50
500,20,5000,5,rws,uniform,random,30,45,-44,5.025704860687256,saturate_50
500,20,5000,5,rws,uniform,inversion,4,45,-44,5.036351919174194,saturate_50
500,20,5000,5,rws,uniform,random,4,45,-52,3.2800629138946533,saturate_50
500,20,5000,5,rws,uniform,inversion,4,45,-44,3.3054039478302,saturate_50
500,20,5000,5,rws,uniform,random,4,45,-46,3.4677460193634033,saturate_50
500,20,5000,5,rws,scattered,inversion,15,45,-47,3.576934814453125,saturate_50
500,20,5000,5,rws,scattered,random,15,45,-44,5.654232740402222,saturate_50
500,20,5000,5,rws,scattered,inversion,30,45,-42,5.694822788238525,saturate_50
500,20,5000,5,rws,scattered,random,30,45,-45,4.696126937866211,saturate_50
500,20,5000,5,rws,scattered,inversion,4,45,-45,3.231879949569702,saturate_50
500,20,5000,5,rws,scattered,random,4,45,-44,3.2110958099365234,saturate_50
500,20,5000,5,rws,uniform,inversion,4,45,-49,3.8468730449676514,saturate_50
500,20,5000,5,rws,uniform,random,4,45,-47,3.2538959980010986,saturate_50
500,20,5000,5,rank,two_points,inversion,15,45,-22,5.570719003677368,saturate_50
500,20,5000,5,rank,two_points,random,15,45,-19,6.722825050354004,saturate_50
500,20,5000,5,rank,two_points,inversion,30,45,-23,6.037416934967041,saturate_50
500,20,5000,5,rank,two_points,random,30,45,-32,4.502223968505859,saturate_50
500,20,5000,5,rank,two_points,inversion,4,45,-22,36.4422721862793,saturate_50
500,20,5000,5,rank,two_points,inversion,4,45,-15,8.320488214492798,saturate_50
500,20,5000,5,rank,two_points,random,4,45,-3,6.837888717651367,saturate_50
500,20,5000,5,rank,uniform,inversion,15,45,-19,9.484671115875244,saturate_50
500,20,5000,5,rank,uniform,random,15,45,-20,4.851542949676514,saturate_50
500,20,5000,5,rank,uniform,inversion,30,45,-20,10.20563817024231,saturate_50
500,20,5000,5,rank,uniform,random,30,45,-29,4.981574773788452,saturate_50
500,20,5000,5,rank,uniform,inversion,4,45,-26,6.240134000778198,saturate_50
500,20,5000,5,rank,uniform,random,4,45,-5,5.8801679611206055,saturate_50
500,20,5000,5,rank,uniform,inversion,4,45,-16,116.38682174682617,saturate_50
500,20,5000,5,rank,uniform,random,4,45,-5,5.409987211227417,saturate_50
500,20,5000,5,rank,scattered,inversion,15,45,-14,9.520655870437622,saturate_50
500,20,5000,5,rank,scattered,random,15,45,-19,156.96377086639404,saturate_50
500,20,5000,5,rank,scattered,inversion,30,45,-18,6.03659987449646,saturate_50
500,20,5000,5,rank,scattered,random,30,45,-32,5.756174802780151,saturate_50
500,20,5000,5,rank,scattered,inversion,4,45,-18,6.485620021820068,saturate_50
500,20,5000,5,rank,scattered,random,4,45,-3,6.404072046279907,saturate_50
500,20,5000,5,rank,uniform,inversion,4,45,-17,11.31154179573059,saturate_50
500,20,5000,5,rank,uniform,random,4,45,-4,9.467382192611694,saturate_50
500,20,5000,5,random,two_points,inversion,15,45,-45,4.572097063064575,saturate_50
500,20,5000,5,random,two_points,random,15,45,-40,3.8277080059051514,saturate_50
500,20,5000,5,random,two_points,inversion,30,45,-49,2.9477508068084717,saturate_50
500,20,5000,5,random,two_points,random,30,45,-42,7.426703214645386,saturate_50
500,20,5000,5,random,two_points,inversion,4,45,-42,4.261137247085571,saturate_50
500,20,5000,5,random,two_points,inversion,4,45,-41,3.2916910648345947,saturate_50
500,20,5000,5,random,two_points,random,4,45,-43,2.9383480548858643,saturate_50
500,20,5000,5,random,uniform,inversion,15,45,-43,5.141978740692139,saturate_50
500,20,5000,5,random,uniform,random,15,45,-39,5.13034200668335,saturate_50
500,20,5000,5,random,uniform,inversion,30,45,-44,3.429888963699341,saturate_50
500,20,5000,5,random,uniform,random,30,45,-40,8.977409839630127,saturate_50
500,20,5000,5,random,uniform,inversion,4,45,-47,3.3110060691833496,saturate_50
500,20,5000,5,random,uniform,random,4,45,-46,3.106645107269287,saturate_50
500,20,5000,5,random,uniform,inversion,4,45,-43,3.431398868560791,saturate_50
500,20,5000,5,random,uniform,random,4,45,-36,8.733884811401367,saturate_50
500,20,5000,5,random,scattered,inversion,15,45,-46,2.9504449367523193,saturate_50
500,20,5000,5,random,scattered,random,15,45,-42,5.4239418506622314,saturate_50
500,20,5000,5,random,scattered,inversion,30,45,-47,3.424964189529419,saturate_50
500,20,5000,5,random,scattered,random,30,45,-37,4.640634298324585,saturate_50
500,20,5000,5,random,scattered,inversion,4,45,-43,3.004607915878296,saturate_50
500,20,5000,5,random,scattered,random,4,45,-41,7.093670845031738,saturate_50
500,20,5000,5,random,uniform,inversion,4,45,-45,4.040105104446411,saturate_50
500,20,5000,5,random,uniform,random,4,45,-36,5.500874996185303,saturate_50
500,20,5000,5,tournament,two_points,inversion,15,45,-35,5.820754051208496,saturate_50
500,20,5000,5,tournament,two_points,random,15,45,-29,4.854794979095459,saturate_50
500,20,5000,5,tournament,two_points,inversion,30,45,-36,4.2336647510528564,saturate_50
500,20,5000,5,tournament,two_points,random,30,45,-36,4.386350154876709,saturate_50
500,20,5000,5,tournament,two_points,inversion,4,45,-31,6.60498309135437,saturate_50
500,20,5000,5,tournament,two_points,inversion,4,45,-34,5.949702024459839,saturate_50
500,20,5000,5,tournament,two_points,random,4,45,-7,10.643666982650757,saturate_50
500,20,5000,5,tournament,uniform,inversion,15,45,-37,5.260221719741821,saturate_50
500,20,5000,5,tournament,uniform,random,15,45,-32,4.807447195053101,saturate_50
500,20,5000,5,tournament,uniform,inversion,30,45,-37,4.353572130203247,saturate_50
500,20,5000,5,tournament,uniform,random,30,45,-37,5.446534872055054,saturate_50
500,20,5000,5,tournament,uniform,inversion,4,45,-34,4.122347116470337,saturate_50
500,20,5000,5,tournament,uniform,random,4,45,-9,8.282949924468994,saturate_50
500,20,5000,5,tournament,uniform,inversion,4,45,-37,4.450761079788208,saturate_50
500,20,5000,5,tournament,uniform,random,4,45,-8,11.712470054626465,saturate_50
500,20,5000,5,tournament,scattered,inversion,15,45,-36,6.05545973777771,saturate_50
500,20,5000,5,tournament,scattered,random,15,45,-30,7.936014890670776,saturate_50
500,20,5000,5,tournament,scattered,inversion,30,45,-37,5.597705841064453,saturate_50
500,20,5000,5,tournament,scattered,random,30,45,-35,5.810523271560669,saturate_50
500,20,5000,5,tournament,scattered,inversion,4,45,-33,8.395203828811646,saturate_50
500,20,5000,5,tournament,scattered,random,4,45,-5,13.667311191558838,saturate_50
500,20,5000,5,tournament,uniform,inversion,4,45,-36,5.9109578132629395,saturate_50
500,20,5000,5,tournament,uniform,random,4,45,-11,7.603700876235962,saturate_50
500,40,5000,15,sss,two_points,inversion,15,45,-18,8.95720911026001,saturate_50
500,40,5000,15,sss,two_points,random,15,45,-20,189.40037775039673,saturate_50
500,40,5000,15,sss,two_points,inversion,30,45,-19,8.7916259765625,saturate_50
500,40,5000,15,sss,two_points,random,30,45,-34,4.338338136672974,saturate_50
500,40,5000,15,sss,two_points,inversion,4,45,-18,7.598314046859741,saturate_50
500,40,5000,15,sss,two_points,random,4,45,-4,7.054838180541992,saturate_50
500,40,5000,15,sss,two_points,inversion,4,45,-18,8.304211854934692,saturate_50
500,40,5000,15,sss,two_points,random,4,45,-3,7.318949937820435,saturate_50
500,40,5000,15,sss,uniform,inversion,15,45,-23,8.617891073226929,saturate_50
500,40,5000,15,sss,uniform,random,15,45,-20,6.9360411167144775,saturate_50
500,40,5000,15,sss,uniform,inversion,30,45,-22,7.513365030288696,saturate_50
500,40,5000,15,sss,uniform,random,30,45,-32,8.302650928497314,saturate_50
500,40,5000,15,sss,uniform,inversion,4,45,-17,8.386904001235962,saturate_50
500,40,5000,15,sss,uniform,random,4,45,-6,5.000658988952637,saturate_50
500,40,5000,15,sss,uniform,inversion,4,45,-23,6.918609857559204,saturate_50
500,40,5000,15,sss,uniform,random,4,45,-4,5.155777215957642,saturate_50
500,40,5000,15,sss,scattered,inversion,15,45,-20,8.009989023208618,saturate_50
500,40,5000,15,sss,scattered,random,15,45,-21,6.137332916259766,saturate_50
500,40,5000,15,sss,scattered,inversion,30,45,-20,7.3278210163116455,saturate_50
500,40,5000,15,sss,scattered,random,30,45,-33,8.373273134231567,saturate_50
500,40,5000,15,sss,scattered,inversion,4,45,-22,9.509961128234863,saturate_50
500,40,5000,15,sss,scattered,random,4,45,-3,8.064642906188965,saturate_50
500,40,5000,15,sss,uniform,inversion,4,45,-23,7.961289167404175,saturate_50
500,40,5000,15,sss,uniform,random,4,45,-4,5.950174331665039,saturate_50
500,40,5000,15,rws,two_points,inversion,15,45,-43,3.4523568153381348,saturate_50
500,40,5000,15,rws,two_points,random,15,45,-45,4.468889951705933,saturate_50
500,40,5000,15,rws,two_points,inversion,30,45,-44,3.268141031265259,saturate_50
500,40,5000,15,rws,two_points,random,30,45,-44,3.701117992401123,saturate_50
500,40,5000,15,rws,two_points,inversion,4,45,-47,4.261788845062256,saturate_50
500,40,5000,15,rws,two_points,inversion,4,45,-41,4.845635890960693,saturate_50
500,40,5000,15,rws,two_points,random,4,45,-48,3.197542905807495,saturate_50
500,40,5000,15,rws,uniform,inversion,15,45,-46,3.661447763442993,saturate_50
500,40,5000,15,rws,uniform,random,15,45,-47,4.052523136138916,saturate_50
500,40,5000,15,rws,uniform,inversion,30,45,-46,3.4564690589904785,saturate_50
500,40,5000,15,rws,uniform,random,30,45,-42,7.232234001159668,saturate_50
500,40,5000,15,rws,uniform,inversion,4,45,-45,3.4321768283843994,saturate_50
500,40,5000,15,rws,uniform,random,4,45,-45,4.719125986099243,saturate_50
500,40,5000,15,rws,uniform,inversion,4,45,-44,3.8929648399353027,saturate_50
500,40,5000,15,rws,uniform,random,4,45,-50,3.510115146636963,saturate_50
500,40,5000,15,rws,scattered,inversion,15,45,-45,4.202775001525879,saturate_50
500,40,5000,15,rws,scattered,random,15,45,-45,5.900057077407837,saturate_50
500,40,5000,15,rws,scattered,inversion,30,45,-46,5.0464277267456055,saturate_50
500,40,5000,15,rws,scattered,random,30,45,-42,4.91664981842041,saturate_50
500,40,5000,15,rws,scattered,inversion,4,45,-47,172.85622906684875,saturate_50
500,40,5000,15,rws,scattered,random,4,45,-45,3.2049779891967773,saturate_50
500,40,5000,15,rws,uniform,inversion,4,45,-45,4.126145124435425,saturate_50
500,40,5000,15,rws,uniform,random,4,45,-49,4.043950080871582,saturate_50
500,40,5000,15,rank,two_points,inversion,15,45,-14,11.949880123138428,saturate_50
500,40,5000,15,rank,two_points,random,15,45,-20,4.9150450229644775,saturate_50
500,40,5000,15,rank,two_points,inversion,30,45,-15,6.302300930023193,saturate_50
500,40,5000,15,rank,two_points,random,30,45,-34,6.41179084777832,saturate_50
500,40,5000,15,rank,two_points,inversion,4,45,-19,5.66246485710144,saturate_50
500,40,5000,15,rank,two_points,inversion,4,45,-18,7.610442876815796,saturate_50
500,40,5000,15,rank,two_points,random,4,45,-5,6.1751439571380615,saturate_50
500,40,5000,15,rank,uniform,inversion,15,45,-20,8.882680892944336,saturate_50
500,40,5000,15,rank,uniform,random,15,45,-18,8.443614959716797,saturate_50
500,40,5000,15,rank,uniform,inversion,30,45,-26,7.222700119018555,saturate_50
500,40,5000,15,rank,uniform,random,30,45,-33,4.099829912185669,saturate_50
500,40,5000,15,rank,uniform,inversion,4,45,-22,7.487626075744629,saturate_50
500,40,5000,15,rank,uniform,random,4,45,-2,7.7466771602630615,saturate_50
500,40,5000,15,rank,uniform,inversion,4,45,-24,4.272985219955444,saturate_50
500,40,5000,15,rank,uniform,random,4,45,-5,6.502474069595337,saturate_50
500,40,5000,15,rank,scattered,inversion,15,45,-19,14.804775953292847,saturate_50
500,40,5000,15,rank,scattered,random,15,45,-19,5.76178503036499,saturate_50
500,40,5000,15,rank,scattered,inversion,30,45,-21,8.613250970840454,saturate_50
500,40,5000,15,rank,scattered,random,30,45,-34,161.04973125457764,saturate_50
500,40,5000,15,rank,scattered,inversion,4,45,-22,7.553020238876343,saturate_50
500,40,5000,15,rank,scattered,random,4,45,-4,5.004083871841431,saturate_50
500,40,5000,15,rank,uniform,inversion,4,45,-23,6.218127965927124,saturate_50
500,40,5000,15,rank,uniform,random,4,45,-4,5.2927000522613525,saturate_50
500,40,5000,15,random,two_points,inversion,15,45,-42,4.726548910140991,saturate_50
500,40,5000,15,random,two_points,random,15,45,-44,4.752577066421509,saturate_50
500,40,5000,15,random,two_points,inversion,30,45,-45,4.398262023925781,saturate_50
500,40,5000,15,random,two_points,random,30,45,-41,5.7414391040802,saturate_50
500,40,5000,15,random,two_points,inversion,4,45,-40,90.85443902015686,saturate_50
500,40,5000,15,random,two_points,inversion,4,45,-46,3.2758519649505615,saturate_50
500,40,5000,15,random,two_points,random,4,45,-45,4.002429962158203,saturate_50
500,40,5000,15,random,uniform,inversion,15,45,-45,3.2924211025238037,saturate_50
500,40,5000,15,random,uniform,random,15,45,-41,4.618936061859131,saturate_50
500,40,5000,15,random,uniform,inversion,30,45,-40,3.972087860107422,saturate_50
500,40,5000,15,random,uniform,random,30,45,-39,7.791870355606079,saturate_50
500,40,5000,15,random,uniform,inversion,4,45,-44,3.895186185836792,saturate_50
500,40,5000,15,random,uniform,random,4,45,-48,3.160335063934326,saturate_50
500,40,5000,15,random,uniform,inversion,4,45,-43,5.385037899017334,saturate_50
500,40,5000,15,random,uniform,random,4,45,-44,3.5264780521392822,saturate_50
500,40,5000,15,random,scattered,inversion,15,45,-43,5.294646978378296,saturate_50
500,40,5000,15,random,scattered,random,15,45,-43,4.112890958786011,saturate_50
500,40,5000,15,random,scattered,inversion,30,45,-43,4.165271997451782,saturate_50
500,40,5000,15,random,scattered,random,30,45,-42,6.526958703994751,saturate_50
500,40,5000,15,random,scattered,inversion,4,45,-43,3.0275537967681885,saturate_50
500,40,5000,15,random,scattered,random,4,45,-37,5.998628854751587,saturate_50
500,40,5000,15,random,uniform,inversion,4,45,-41,5.890306234359741,saturate_50
500,40,5000,15,random,uniform,random,4,45,-41,4.296678066253662,saturate_50
500,40,5000,15,tournament,two_points,inversion,15,45,-30,117.67317175865173,saturate_50
500,40,5000,15,tournament,two_points,random,15,45,-31,6.473313093185425,saturate_50
500,40,5000,15,tournament,two_points,inversion,30,45,-30,6.322799205780029,saturate_50
500,40,5000,15,tournament,two_points,random,30,45,-35,4.891800165176392,saturate_50
500,40,5000,15,tournament,two_points,inversion,4,45,-35,5.829649925231934,saturate_50
500,40,5000,15,tournament,two_points,inversion,4,45,-33,4.834390878677368,saturate_50
500,40,5000,15,tournament,two_points,random,4,45,-10,6.687544107437134,saturate_50
